# ----------------------------------------,,,
# www.airtricity.com,,,
# Audience Overview,,,
# 20140919-20141019,,,
# ----------------------------------------,,,
,,,
Hour Index,Date Range,Segment,Sessions
0,19/09/2014 00:00,ROI Product Confirmation,0
0,19/09/2014 00:00,Prospects - ROI only,2
1,19/09/2014 01:00,ROI Product Confirmation,0
1,19/09/2014 01:00,Prospects - ROI only,1
2,19/09/2014 02:00,ROI Product Confirmation,0
2,19/09/2014 02:00,Prospects - ROI only,1
3,19/09/2014 03:00,ROI Product Confirmation,0
3,19/09/2014 03:00,Prospects - ROI only,0
4,19/09/2014 04:00,ROI Product Confirmation,0
4,19/09/2014 04:00,Prospects - ROI only,0
5,19/09/2014 05:00,ROI Product Confirmation,0
5,19/09/2014 05:00,Prospects - ROI only,0
6,19/09/2014 06:00,ROI Product Confirmation,0
6,19/09/2014 06:00,Prospects - ROI only,0
7,19/09/2014 07:00,ROI Product Confirmation,0
7,19/09/2014 07:00,Prospects - ROI only,7
8,19/09/2014 08:00,ROI Product Confirmation,1
8,19/09/2014 08:00,Prospects - ROI only,5
9,19/09/2014 09:00,ROI Product Confirmation,2
9,19/09/2014 09:00,Prospects - ROI only,12
10,19/09/2014 10:00,ROI Product Confirmation,0
10,19/09/2014 10:00,Prospects - ROI only,19
11,19/09/2014 11:00,ROI Product Confirmation,2
11,19/09/2014 11:00,Prospects - ROI only,21
12,19/09/2014 12:00,ROI Product Confirmation,0
12,19/09/2014 12:00,Prospects - ROI only,13
13,19/09/2014 13:00,ROI Product Confirmation,1
13,19/09/2014 13:00,Prospects - ROI only,14
14,19/09/2014 14:00,ROI Product Confirmation,2
14,19/09/2014 14:00,Prospects - ROI only,20
15,19/09/2014 15:00,ROI Product Confirmation,0
15,19/09/2014 15:00,Prospects - ROI only,18
16,19/09/2014 16:00,ROI Product Confirmation,1
16,19/09/2014 16:00,Prospects - ROI only,15
17,19/09/2014 17:00,ROI Product Confirmation,2
17,19/09/2014 17:00,Prospects - ROI only,20
18,19/09/2014 18:00,ROI Product Confirmation,0
18,19/09/2014 18:00,Prospects - ROI only,6
19,19/09/2014 19:00,ROI Product Confirmation,2
19,19/09/2014 19:00,Prospects - ROI only,8
20,19/09/2014 20:00,ROI Product Confirmation,0
20,19/09/2014 20:00,Prospects - ROI only,10
21,19/09/2014 21:00,ROI Product Confirmation,1
21,19/09/2014 21:00,Prospects - ROI only,4
22,19/09/2014 22:00,ROI Product Confirmation,1
22,19/09/2014 22:00,Prospects - ROI only,6
23,19/09/2014 23:00,ROI Product Confirmation,1
23,19/09/2014 23:00,Prospects - ROI only,5
24,20/09/2014 00:00,ROI Product Confirmation,0
24,20/09/2014 00:00,Prospects - ROI only,2
25,20/09/2014 01:00,ROI Product Confirmation,0
25,20/09/2014 01:00,Prospects - ROI only,1
26,20/09/2014 02:00,ROI Product Confirmation,0
26,20/09/2014 02:00,Prospects - ROI only,1
27,20/09/2014 03:00,ROI Product Confirmation,0
27,20/09/2014 03:00,Prospects - ROI only,0
28,20/09/2014 04:00,ROI Product Confirmation,0
28,20/09/2014 04:00,Prospects - ROI only,0
29,20/09/2014 05:00,ROI Product Confirmation,0
29,20/09/2014 05:00,Prospects - ROI only,1
30,20/09/2014 06:00,ROI Product Confirmation,0
30,20/09/2014 06:00,Prospects - ROI only,0
31,20/09/2014 07:00,ROI Product Confirmation,0
31,20/09/2014 07:00,Prospects - ROI only,2
32,20/09/2014 08:00,ROI Product Confirmation,0
32,20/09/2014 08:00,Prospects - ROI only,3
33,20/09/2014 09:00,ROI Product Confirmation,1
33,20/09/2014 09:00,Prospects - ROI only,11
34,20/09/2014 10:00,ROI Product Confirmation,0
34,20/09/2014 10:00,Prospects - ROI only,4
35,20/09/2014 11:00,ROI Product Confirmation,2
35,20/09/2014 11:00,Prospects - ROI only,10
36,20/09/2014 12:00,ROI Product Confirmation,1
36,20/09/2014 12:00,Prospects - ROI only,7
37,20/09/2014 13:00,ROI Product Confirmation,1
37,20/09/2014 13:00,Prospects - ROI only,8
38,20/09/2014 14:00,ROI Product Confirmation,1
38,20/09/2014 14:00,Prospects - ROI only,3
39,20/09/2014 15:00,ROI Product Confirmation,0
39,20/09/2014 15:00,Prospects - ROI only,6
40,20/09/2014 16:00,ROI Product Confirmation,1
40,20/09/2014 16:00,Prospects - ROI only,3
41,20/09/2014 17:00,ROI Product Confirmation,1
41,20/09/2014 17:00,Prospects - ROI only,8
42,20/09/2014 18:00,ROI Product Confirmation,1
42,20/09/2014 18:00,Prospects - ROI only,8
43,20/09/2014 19:00,ROI Product Confirmation,0
43,20/09/2014 19:00,Prospects - ROI only,4
44,20/09/2014 20:00,ROI Product Confirmation,0
44,20/09/2014 20:00,Prospects - ROI only,5
45,20/09/2014 21:00,ROI Product Confirmation,0
45,20/09/2014 21:00,Prospects - ROI only,6
46,20/09/2014 22:00,ROI Product Confirmation,0
46,20/09/2014 22:00,Prospects - ROI only,5
47,20/09/2014 23:00,ROI Product Confirmation,1
47,20/09/2014 23:00,Prospects - ROI only,3
48,21/09/2014 00:00,ROI Product Confirmation,0
48,21/09/2014 00:00,Prospects - ROI only,3
49,21/09/2014 01:00,ROI Product Confirmation,0
49,21/09/2014 01:00,Prospects - ROI only,0
50,21/09/2014 02:00,ROI Product Confirmation,0
50,21/09/2014 02:00,Prospects - ROI only,0
51,21/09/2014 03:00,ROI Product Confirmation,0
51,21/09/2014 03:00,Prospects - ROI only,1
52,21/09/2014 04:00,ROI Product Confirmation,0
52,21/09/2014 04:00,Prospects - ROI only,1
53,21/09/2014 05:00,ROI Product Confirmation,0
53,21/09/2014 05:00,Prospects - ROI only,1
54,21/09/2014 06:00,ROI Product Confirmation,0
54,21/09/2014 06:00,Prospects - ROI only,0
55,21/09/2014 07:00,ROI Product Confirmation,0
55,21/09/2014 07:00,Prospects - ROI only,0
56,21/09/2014 08:00,ROI Product Confirmation,0
56,21/09/2014 08:00,Prospects - ROI only,3
57,21/09/2014 09:00,ROI Product Confirmation,0
57,21/09/2014 09:00,Prospects - ROI only,3
58,21/09/2014 10:00,ROI Product Confirmation,1
58,21/09/2014 10:00,Prospects - ROI only,5
59,21/09/2014 11:00,ROI Product Confirmation,1
59,21/09/2014 11:00,Prospects - ROI only,5
60,21/09/2014 12:00,ROI Product Confirmation,0
60,21/09/2014 12:00,Prospects - ROI only,1
61,21/09/2014 13:00,ROI Product Confirmation,0
61,21/09/2014 13:00,Prospects - ROI only,9
62,21/09/2014 14:00,ROI Product Confirmation,0
62,21/09/2014 14:00,Prospects - ROI only,4
63,21/09/2014 15:00,ROI Product Confirmation,0
63,21/09/2014 15:00,Prospects - ROI only,5
64,21/09/2014 16:00,ROI Product Confirmation,0
64,21/09/2014 16:00,Prospects - ROI only,1
65,21/09/2014 17:00,ROI Product Confirmation,0
65,21/09/2014 17:00,Prospects - ROI only,2
66,21/09/2014 18:00,ROI Product Confirmation,0
66,21/09/2014 18:00,Prospects - ROI only,4
67,21/09/2014 19:00,ROI Product Confirmation,2
67,21/09/2014 19:00,Prospects - ROI only,13
68,21/09/2014 20:00,ROI Product Confirmation,1
68,21/09/2014 20:00,Prospects - ROI only,9
69,21/09/2014 21:00,ROI Product Confirmation,0
69,21/09/2014 21:00,Prospects - ROI only,5
70,21/09/2014 22:00,ROI Product Confirmation,0
70,21/09/2014 22:00,Prospects - ROI only,7
71,21/09/2014 23:00,ROI Product Confirmation,0
71,21/09/2014 23:00,Prospects - ROI only,4
72,22/09/2014 00:00,ROI Product Confirmation,0
72,22/09/2014 00:00,Prospects - ROI only,7
73,22/09/2014 01:00,ROI Product Confirmation,0
73,22/09/2014 01:00,Prospects - ROI only,1
74,22/09/2014 02:00,ROI Product Confirmation,0
74,22/09/2014 02:00,Prospects - ROI only,0
75,22/09/2014 03:00,ROI Product Confirmation,0
75,22/09/2014 03:00,Prospects - ROI only,1
76,22/09/2014 04:00,ROI Product Confirmation,0
76,22/09/2014 04:00,Prospects - ROI only,0
77,22/09/2014 05:00,ROI Product Confirmation,0
77,22/09/2014 05:00,Prospects - ROI only,0
78,22/09/2014 06:00,ROI Product Confirmation,0
78,22/09/2014 06:00,Prospects - ROI only,1
79,22/09/2014 07:00,ROI Product Confirmation,0
79,22/09/2014 07:00,Prospects - ROI only,1
80,22/09/2014 08:00,ROI Product Confirmation,0
80,22/09/2014 08:00,Prospects - ROI only,6
81,22/09/2014 09:00,ROI Product Confirmation,1
81,22/09/2014 09:00,Prospects - ROI only,18
82,22/09/2014 10:00,ROI Product Confirmation,0
82,22/09/2014 10:00,Prospects - ROI only,28
83,22/09/2014 11:00,ROI Product Confirmation,0
83,22/09/2014 11:00,Prospects - ROI only,16
84,22/09/2014 12:00,ROI Product Confirmation,0
84,22/09/2014 12:00,Prospects - ROI only,22
85,22/09/2014 13:00,ROI Product Confirmation,3
85,22/09/2014 13:00,Prospects - ROI only,20
86,22/09/2014 14:00,ROI Product Confirmation,0
86,22/09/2014 14:00,Prospects - ROI only,24
87,22/09/2014 15:00,ROI Product Confirmation,2
87,22/09/2014 15:00,Prospects - ROI only,17
88,22/09/2014 16:00,ROI Product Confirmation,1
88,22/09/2014 16:00,Prospects - ROI only,16
89,22/09/2014 17:00,ROI Product Confirmation,3
89,22/09/2014 17:00,Prospects - ROI only,20
90,22/09/2014 18:00,ROI Product Confirmation,0
90,22/09/2014 18:00,Prospects - ROI only,13
91,22/09/2014 19:00,ROI Product Confirmation,3
91,22/09/2014 19:00,Prospects - ROI only,17
92,22/09/2014 20:00,ROI Product Confirmation,1
92,22/09/2014 20:00,Prospects - ROI only,13
93,22/09/2014 21:00,ROI Product Confirmation,1
93,22/09/2014 21:00,Prospects - ROI only,10
94,22/09/2014 22:00,ROI Product Confirmation,3
94,22/09/2014 22:00,Prospects - ROI only,12
95,22/09/2014 23:00,ROI Product Confirmation,0
95,22/09/2014 23:00,Prospects - ROI only,5
96,23/09/2014 00:00,ROI Product Confirmation,1
96,23/09/2014 00:00,Prospects - ROI only,1
97,23/09/2014 01:00,ROI Product Confirmation,0
97,23/09/2014 01:00,Prospects - ROI only,1
98,23/09/2014 02:00,ROI Product Confirmation,0
98,23/09/2014 02:00,Prospects - ROI only,0
99,23/09/2014 03:00,ROI Product Confirmation,0
99,23/09/2014 03:00,Prospects - ROI only,0
100,23/09/2014 04:00,ROI Product Confirmation,0
100,23/09/2014 04:00,Prospects - ROI only,0
101,23/09/2014 05:00,ROI Product Confirmation,0
101,23/09/2014 05:00,Prospects - ROI only,2
102,23/09/2014 06:00,ROI Product Confirmation,0
102,23/09/2014 06:00,Prospects - ROI only,1
103,23/09/2014 07:00,ROI Product Confirmation,0
103,23/09/2014 07:00,Prospects - ROI only,0
104,23/09/2014 08:00,ROI Product Confirmation,0
104,23/09/2014 08:00,Prospects - ROI only,5
105,23/09/2014 09:00,ROI Product Confirmation,3
105,23/09/2014 09:00,Prospects - ROI only,18
106,23/09/2014 10:00,ROI Product Confirmation,0
106,23/09/2014 10:00,Prospects - ROI only,16
107,23/09/2014 11:00,ROI Product Confirmation,2
107,23/09/2014 11:00,Prospects - ROI only,26
108,23/09/2014 12:00,ROI Product Confirmation,0
108,23/09/2014 12:00,Prospects - ROI only,23
109,23/09/2014 13:00,ROI Product Confirmation,1
109,23/09/2014 13:00,Prospects - ROI only,26
110,23/09/2014 14:00,ROI Product Confirmation,3
110,23/09/2014 14:00,Prospects - ROI only,31
111,23/09/2014 15:00,ROI Product Confirmation,1
111,23/09/2014 15:00,Prospects - ROI only,19
112,23/09/2014 16:00,ROI Product Confirmation,2
112,23/09/2014 16:00,Prospects - ROI only,18
113,23/09/2014 17:00,ROI Product Confirmation,4
113,23/09/2014 17:00,Prospects - ROI only,14
114,23/09/2014 18:00,ROI Product Confirmation,1
114,23/09/2014 18:00,Prospects - ROI only,9
115,23/09/2014 19:00,ROI Product Confirmation,1
115,23/09/2014 19:00,Prospects - ROI only,18
116,23/09/2014 20:00,ROI Product Confirmation,2
116,23/09/2014 20:00,Prospects - ROI only,14
117,23/09/2014 21:00,ROI Product Confirmation,2
117,23/09/2014 21:00,Prospects - ROI only,15
118,23/09/2014 22:00,ROI Product Confirmation,0
118,23/09/2014 22:00,Prospects - ROI only,14
119,23/09/2014 23:00,ROI Product Confirmation,1
119,23/09/2014 23:00,Prospects - ROI only,7
120,24/09/2014 00:00,ROI Product Confirmation,1
120,24/09/2014 00:00,Prospects - ROI only,4
121,24/09/2014 01:00,ROI Product Confirmation,0
121,24/09/2014 01:00,Prospects - ROI only,2
122,24/09/2014 02:00,ROI Product Confirmation,0
122,24/09/2014 02:00,Prospects - ROI only,0
123,24/09/2014 03:00,ROI Product Confirmation,0
123,24/09/2014 03:00,Prospects - ROI only,0
124,24/09/2014 04:00,ROI Product Confirmation,0
124,24/09/2014 04:00,Prospects - ROI only,1
125,24/09/2014 05:00,ROI Product Confirmation,0
125,24/09/2014 05:00,Prospects - ROI only,2
126,24/09/2014 06:00,ROI Product Confirmation,0
126,24/09/2014 06:00,Prospects - ROI only,0
127,24/09/2014 07:00,ROI Product Confirmation,0
127,24/09/2014 07:00,Prospects - ROI only,5
128,24/09/2014 08:00,ROI Product Confirmation,1
128,24/09/2014 08:00,Prospects - ROI only,10
129,24/09/2014 09:00,ROI Product Confirmation,0
129,24/09/2014 09:00,Prospects - ROI only,9
130,24/09/2014 10:00,ROI Product Confirmation,1
130,24/09/2014 10:00,Prospects - ROI only,15
131,24/09/2014 11:00,ROI Product Confirmation,4
131,24/09/2014 11:00,Prospects - ROI only,31
132,24/09/2014 12:00,ROI Product Confirmation,2
132,24/09/2014 12:00,Prospects - ROI only,18
133,24/09/2014 13:00,ROI Product Confirmation,2
133,24/09/2014 13:00,Prospects - ROI only,15
134,24/09/2014 14:00,ROI Product Confirmation,2
134,24/09/2014 14:00,Prospects - ROI only,18
135,24/09/2014 15:00,ROI Product Confirmation,1
135,24/09/2014 15:00,Prospects - ROI only,22
136,24/09/2014 16:00,ROI Product Confirmation,1
136,24/09/2014 16:00,Prospects - ROI only,22
137,24/09/2014 17:00,ROI Product Confirmation,2
137,24/09/2014 17:00,Prospects - ROI only,16
138,24/09/2014 18:00,ROI Product Confirmation,2
138,24/09/2014 18:00,Prospects - ROI only,21
139,24/09/2014 19:00,ROI Product Confirmation,3
139,24/09/2014 19:00,Prospects - ROI only,17
140,24/09/2014 20:00,ROI Product Confirmation,3
140,24/09/2014 20:00,Prospects - ROI only,10
141,24/09/2014 21:00,ROI Product Confirmation,2
141,24/09/2014 21:00,Prospects - ROI only,7
142,24/09/2014 22:00,ROI Product Confirmation,0
142,24/09/2014 22:00,Prospects - ROI only,5
143,24/09/2014 23:00,ROI Product Confirmation,0
143,24/09/2014 23:00,Prospects - ROI only,6
144,25/09/2014 00:00,ROI Product Confirmation,0
144,25/09/2014 00:00,Prospects - ROI only,3
145,25/09/2014 01:00,ROI Product Confirmation,0
145,25/09/2014 01:00,Prospects - ROI only,3
146,25/09/2014 02:00,ROI Product Confirmation,0
146,25/09/2014 02:00,Prospects - ROI only,1
147,25/09/2014 03:00,ROI Product Confirmation,0
147,25/09/2014 03:00,Prospects - ROI only,1
148,25/09/2014 04:00,ROI Product Confirmation,0
148,25/09/2014 04:00,Prospects - ROI only,0
149,25/09/2014 05:00,ROI Product Confirmation,0
149,25/09/2014 05:00,Prospects - ROI only,0
150,25/09/2014 06:00,ROI Product Confirmation,0
150,25/09/2014 06:00,Prospects - ROI only,1
151,25/09/2014 07:00,ROI Product Confirmation,0
151,25/09/2014 07:00,Prospects - ROI only,2
152,25/09/2014 08:00,ROI Product Confirmation,0
152,25/09/2014 08:00,Prospects - ROI only,9
153,25/09/2014 09:00,ROI Product Confirmation,3
153,25/09/2014 09:00,Prospects - ROI only,16
154,25/09/2014 10:00,ROI Product Confirmation,2
154,25/09/2014 10:00,Prospects - ROI only,22
155,25/09/2014 11:00,ROI Product Confirmation,0
155,25/09/2014 11:00,Prospects - ROI only,12
156,25/09/2014 12:00,ROI Product Confirmation,1
156,25/09/2014 12:00,Prospects - ROI only,17
157,25/09/2014 13:00,ROI Product Confirmation,1
157,25/09/2014 13:00,Prospects - ROI only,17
158,25/09/2014 14:00,ROI Product Confirmation,1
158,25/09/2014 14:00,Prospects - ROI only,24
159,25/09/2014 15:00,ROI Product Confirmation,3
159,25/09/2014 15:00,Prospects - ROI only,24
160,25/09/2014 16:00,ROI Product Confirmation,2
160,25/09/2014 16:00,Prospects - ROI only,16
161,25/09/2014 17:00,ROI Product Confirmation,0
161,25/09/2014 17:00,Prospects - ROI only,11
162,25/09/2014 18:00,ROI Product Confirmation,1
162,25/09/2014 18:00,Prospects - ROI only,3
163,25/09/2014 19:00,ROI Product Confirmation,0
163,25/09/2014 19:00,Prospects - ROI only,9
164,25/09/2014 20:00,ROI Product Confirmation,4
164,25/09/2014 20:00,Prospects - ROI only,11
165,25/09/2014 21:00,ROI Product Confirmation,2
165,25/09/2014 21:00,Prospects - ROI only,9
166,25/09/2014 22:00,ROI Product Confirmation,2
166,25/09/2014 22:00,Prospects - ROI only,15
167,25/09/2014 23:00,ROI Product Confirmation,1
167,25/09/2014 23:00,Prospects - ROI only,5
168,26/09/2014 00:00,ROI Product Confirmation,0
168,26/09/2014 00:00,Prospects - ROI only,2
169,26/09/2014 01:00,ROI Product Confirmation,0
169,26/09/2014 01:00,Prospects - ROI only,3
170,26/09/2014 02:00,ROI Product Confirmation,0
170,26/09/2014 02:00,Prospects - ROI only,0
171,26/09/2014 03:00,ROI Product Confirmation,0
171,26/09/2014 03:00,Prospects - ROI only,0
172,26/09/2014 04:00,ROI Product Confirmation,0
172,26/09/2014 04:00,Prospects - ROI only,0
173,26/09/2014 05:00,ROI Product Confirmation,0
173,26/09/2014 05:00,Prospects - ROI only,2
174,26/09/2014 06:00,ROI Product Confirmation,0
174,26/09/2014 06:00,Prospects - ROI only,1
175,26/09/2014 07:00,ROI Product Confirmation,1
175,26/09/2014 07:00,Prospects - ROI only,3
176,26/09/2014 08:00,ROI Product Confirmation,1
176,26/09/2014 08:00,Prospects - ROI only,6
177,26/09/2014 09:00,ROI Product Confirmation,1
177,26/09/2014 09:00,Prospects - ROI only,12
178,26/09/2014 10:00,ROI Product Confirmation,1
178,26/09/2014 10:00,Prospects - ROI only,18
179,26/09/2014 11:00,ROI Product Confirmation,4
179,26/09/2014 11:00,Prospects - ROI only,21
180,26/09/2014 12:00,ROI Product Confirmation,4
180,26/09/2014 12:00,Prospects - ROI only,19
181,26/09/2014 13:00,ROI Product Confirmation,1
181,26/09/2014 13:00,Prospects - ROI only,10
182,26/09/2014 14:00,ROI Product Confirmation,4
182,26/09/2014 14:00,Prospects - ROI only,20
183,26/09/2014 15:00,ROI Product Confirmation,2
183,26/09/2014 15:00,Prospects - ROI only,12
184,26/09/2014 16:00,ROI Product Confirmation,1
184,26/09/2014 16:00,Prospects - ROI only,21
185,26/09/2014 17:00,ROI Product Confirmation,0
185,26/09/2014 17:00,Prospects - ROI only,14
186,26/09/2014 18:00,ROI Product Confirmation,2
186,26/09/2014 18:00,Prospects - ROI only,12
187,26/09/2014 19:00,ROI Product Confirmation,0
187,26/09/2014 19:00,Prospects - ROI only,7
188,26/09/2014 20:00,ROI Product Confirmation,1
188,26/09/2014 20:00,Prospects - ROI only,6
189,26/09/2014 21:00,ROI Product Confirmation,0
189,26/09/2014 21:00,Prospects - ROI only,4
190,26/09/2014 22:00,ROI Product Confirmation,2
190,26/09/2014 22:00,Prospects - ROI only,7
191,26/09/2014 23:00,ROI Product Confirmation,0
191,26/09/2014 23:00,Prospects - ROI only,6
192,27/09/2014 00:00,ROI Product Confirmation,0
192,27/09/2014 00:00,Prospects - ROI only,0
193,27/09/2014 01:00,ROI Product Confirmation,0
193,27/09/2014 01:00,Prospects - ROI only,1
194,27/09/2014 02:00,ROI Product Confirmation,0
194,27/09/2014 02:00,Prospects - ROI only,0
195,27/09/2014 03:00,ROI Product Confirmation,0
195,27/09/2014 03:00,Prospects - ROI only,0
196,27/09/2014 04:00,ROI Product Confirmation,0
196,27/09/2014 04:00,Prospects - ROI only,1
197,27/09/2014 05:00,ROI Product Confirmation,0
197,27/09/2014 05:00,Prospects - ROI only,0
198,27/09/2014 06:00,ROI Product Confirmation,0
198,27/09/2014 06:00,Prospects - ROI only,0
199,27/09/2014 07:00,ROI Product Confirmation,0
199,27/09/2014 07:00,Prospects - ROI only,1
200,27/09/2014 08:00,ROI Product Confirmation,1
200,27/09/2014 08:00,Prospects - ROI only,7
201,27/09/2014 09:00,ROI Product Confirmation,0
201,27/09/2014 09:00,Prospects - ROI only,7
202,27/09/2014 10:00,ROI Product Confirmation,1
202,27/09/2014 10:00,Prospects - ROI only,10
203,27/09/2014 11:00,ROI Product Confirmation,1
203,27/09/2014 11:00,Prospects - ROI only,8
204,27/09/2014 12:00,ROI Product Confirmation,0
204,27/09/2014 12:00,Prospects - ROI only,6
205,27/09/2014 13:00,ROI Product Confirmation,0
205,27/09/2014 13:00,Prospects - ROI only,7
206,27/09/2014 14:00,ROI Product Confirmation,1
206,27/09/2014 14:00,Prospects - ROI only,4
207,27/09/2014 15:00,ROI Product Confirmation,0
207,27/09/2014 15:00,Prospects - ROI only,5
208,27/09/2014 16:00,ROI Product Confirmation,0
208,27/09/2014 16:00,Prospects - ROI only,4
209,27/09/2014 17:00,ROI Product Confirmation,0
209,27/09/2014 17:00,Prospects - ROI only,3
210,27/09/2014 18:00,ROI Product Confirmation,1
210,27/09/2014 18:00,Prospects - ROI only,8
211,27/09/2014 19:00,ROI Product Confirmation,1
211,27/09/2014 19:00,Prospects - ROI only,8
212,27/09/2014 20:00,ROI Product Confirmation,0
212,27/09/2014 20:00,Prospects - ROI only,5
213,27/09/2014 21:00,ROI Product Confirmation,2
213,27/09/2014 21:00,Prospects - ROI only,12
214,27/09/2014 22:00,ROI Product Confirmation,0
214,27/09/2014 22:00,Prospects - ROI only,7
215,27/09/2014 23:00,ROI Product Confirmation,0
215,27/09/2014 23:00,Prospects - ROI only,2
216,28/09/2014 00:00,ROI Product Confirmation,0
216,28/09/2014 00:00,Prospects - ROI only,2
217,28/09/2014 01:00,ROI Product Confirmation,0
217,28/09/2014 01:00,Prospects - ROI only,0
218,28/09/2014 02:00,ROI Product Confirmation,0
218,28/09/2014 02:00,Prospects - ROI only,0
219,28/09/2014 03:00,ROI Product Confirmation,0
219,28/09/2014 03:00,Prospects - ROI only,1
220,28/09/2014 04:00,ROI Product Confirmation,0
220,28/09/2014 04:00,Prospects - ROI only,0
221,28/09/2014 05:00,ROI Product Confirmation,0
221,28/09/2014 05:00,Prospects - ROI only,0
222,28/09/2014 06:00,ROI Product Confirmation,0
222,28/09/2014 06:00,Prospects - ROI only,2
223,28/09/2014 07:00,ROI Product Confirmation,0
223,28/09/2014 07:00,Prospects - ROI only,0
224,28/09/2014 08:00,ROI Product Confirmation,0
224,28/09/2014 08:00,Prospects - ROI only,3
225,28/09/2014 09:00,ROI Product Confirmation,0
225,28/09/2014 09:00,Prospects - ROI only,5
226,28/09/2014 10:00,ROI Product Confirmation,0
226,28/09/2014 10:00,Prospects - ROI only,7
227,28/09/2014 11:00,ROI Product Confirmation,0
227,28/09/2014 11:00,Prospects - ROI only,4
228,28/09/2014 12:00,ROI Product Confirmation,0
228,28/09/2014 12:00,Prospects - ROI only,2
229,28/09/2014 13:00,ROI Product Confirmation,0
229,28/09/2014 13:00,Prospects - ROI only,6
230,28/09/2014 14:00,ROI Product Confirmation,0
230,28/09/2014 14:00,Prospects - ROI only,5
231,28/09/2014 15:00,ROI Product Confirmation,0
231,28/09/2014 15:00,Prospects - ROI only,3
232,28/09/2014 16:00,ROI Product Confirmation,1
232,28/09/2014 16:00,Prospects - ROI only,7
233,28/09/2014 17:00,ROI Product Confirmation,1
233,28/09/2014 17:00,Prospects - ROI only,6
234,28/09/2014 18:00,ROI Product Confirmation,2
234,28/09/2014 18:00,Prospects - ROI only,7
235,28/09/2014 19:00,ROI Product Confirmation,2
235,28/09/2014 19:00,Prospects - ROI only,8
236,28/09/2014 20:00,ROI Product Confirmation,0
236,28/09/2014 20:00,Prospects - ROI only,13
237,28/09/2014 21:00,ROI Product Confirmation,0
237,28/09/2014 21:00,Prospects - ROI only,10
238,28/09/2014 22:00,ROI Product Confirmation,1
238,28/09/2014 22:00,Prospects - ROI only,9
239,28/09/2014 23:00,ROI Product Confirmation,0
239,28/09/2014 23:00,Prospects - ROI only,3
240,29/09/2014 00:00,ROI Product Confirmation,0
240,29/09/2014 00:00,Prospects - ROI only,0
241,29/09/2014 01:00,ROI Product Confirmation,0
241,29/09/2014 01:00,Prospects - ROI only,3
242,29/09/2014 02:00,ROI Product Confirmation,0
242,29/09/2014 02:00,Prospects - ROI only,1
243,29/09/2014 03:00,ROI Product Confirmation,0
243,29/09/2014 03:00,Prospects - ROI only,0
244,29/09/2014 04:00,ROI Product Confirmation,0
244,29/09/2014 04:00,Prospects - ROI only,1
245,29/09/2014 05:00,ROI Product Confirmation,0
245,29/09/2014 05:00,Prospects - ROI only,1
246,29/09/2014 06:00,ROI Product Confirmation,0
246,29/09/2014 06:00,Prospects - ROI only,0
247,29/09/2014 07:00,ROI Product Confirmation,0
247,29/09/2014 07:00,Prospects - ROI only,4
248,29/09/2014 08:00,ROI Product Confirmation,0
248,29/09/2014 08:00,Prospects - ROI only,8
249,29/09/2014 09:00,ROI Product Confirmation,1
249,29/09/2014 09:00,Prospects - ROI only,17
250,29/09/2014 10:00,ROI Product Confirmation,2
250,29/09/2014 10:00,Prospects - ROI only,21
251,29/09/2014 11:00,ROI Product Confirmation,3
251,29/09/2014 11:00,Prospects - ROI only,25
252,29/09/2014 12:00,ROI Product Confirmation,0
252,29/09/2014 12:00,Prospects - ROI only,15
253,29/09/2014 13:00,ROI Product Confirmation,2
253,29/09/2014 13:00,Prospects - ROI only,25
254,29/09/2014 14:00,ROI Product Confirmation,1
254,29/09/2014 14:00,Prospects - ROI only,25
255,29/09/2014 15:00,ROI Product Confirmation,1
255,29/09/2014 15:00,Prospects - ROI only,23
256,29/09/2014 16:00,ROI Product Confirmation,3
256,29/09/2014 16:00,Prospects - ROI only,16
257,29/09/2014 17:00,ROI Product Confirmation,1
257,29/09/2014 17:00,Prospects - ROI only,13
258,29/09/2014 18:00,ROI Product Confirmation,1
258,29/09/2014 18:00,Prospects - ROI only,14
259,29/09/2014 19:00,ROI Product Confirmation,1
259,29/09/2014 19:00,Prospects - ROI only,17
260,29/09/2014 20:00,ROI Product Confirmation,1
260,29/09/2014 20:00,Prospects - ROI only,21
261,29/09/2014 21:00,ROI Product Confirmation,4
261,29/09/2014 21:00,Prospects - ROI only,17
262,29/09/2014 22:00,ROI Product Confirmation,0
262,29/09/2014 22:00,Prospects - ROI only,12
263,29/09/2014 23:00,ROI Product Confirmation,2
263,29/09/2014 23:00,Prospects - ROI only,2
264,30/09/2014 00:00,ROI Product Confirmation,0
264,30/09/2014 00:00,Prospects - ROI only,6
265,30/09/2014 01:00,ROI Product Confirmation,0
265,30/09/2014 01:00,Prospects - ROI only,2
266,30/09/2014 02:00,ROI Product Confirmation,0
266,30/09/2014 02:00,Prospects - ROI only,1
267,30/09/2014 03:00,ROI Product Confirmation,0
267,30/09/2014 03:00,Prospects - ROI only,1
268,30/09/2014 04:00,ROI Product Confirmation,0
268,30/09/2014 04:00,Prospects - ROI only,0
269,30/09/2014 05:00,ROI Product Confirmation,0
269,30/09/2014 05:00,Prospects - ROI only,2
270,30/09/2014 06:00,ROI Product Confirmation,0
270,30/09/2014 06:00,Prospects - ROI only,1
271,30/09/2014 07:00,ROI Product Confirmation,0
271,30/09/2014 07:00,Prospects - ROI only,3
272,30/09/2014 08:00,ROI Product Confirmation,0
272,30/09/2014 08:00,Prospects - ROI only,7
273,30/09/2014 09:00,ROI Product Confirmation,1
273,30/09/2014 09:00,Prospects - ROI only,14
274,30/09/2014 10:00,ROI Product Confirmation,3
274,30/09/2014 10:00,Prospects - ROI only,20
275,30/09/2014 11:00,ROI Product Confirmation,0
275,30/09/2014 11:00,Prospects - ROI only,23
276,30/09/2014 12:00,ROI Product Confirmation,0
276,30/09/2014 12:00,Prospects - ROI only,23
277,30/09/2014 13:00,ROI Product Confirmation,1
277,30/09/2014 13:00,Prospects - ROI only,20
278,30/09/2014 14:00,ROI Product Confirmation,3
278,30/09/2014 14:00,Prospects - ROI only,26
279,30/09/2014 15:00,ROI Product Confirmation,2
279,30/09/2014 15:00,Prospects - ROI only,21
280,30/09/2014 16:00,ROI Product Confirmation,5
280,30/09/2014 16:00,Prospects - ROI only,19
281,30/09/2014 17:00,ROI Product Confirmation,2
281,30/09/2014 17:00,Prospects - ROI only,21
282,30/09/2014 18:00,ROI Product Confirmation,2
282,30/09/2014 18:00,Prospects - ROI only,14
283,30/09/2014 19:00,ROI Product Confirmation,3
283,30/09/2014 19:00,Prospects - ROI only,14
284,30/09/2014 20:00,ROI Product Confirmation,2
284,30/09/2014 20:00,Prospects - ROI only,11
285,30/09/2014 21:00,ROI Product Confirmation,4
285,30/09/2014 21:00,Prospects - ROI only,18
286,30/09/2014 22:00,ROI Product Confirmation,1
286,30/09/2014 22:00,Prospects - ROI only,15
287,30/09/2014 23:00,ROI Product Confirmation,0
287,30/09/2014 23:00,Prospects - ROI only,6
288,01/10/2014 00:00,ROI Product Confirmation,1
288,01/10/2014 00:00,Prospects - ROI only,5
289,01/10/2014 01:00,ROI Product Confirmation,0
289,01/10/2014 01:00,Prospects - ROI only,0
290,01/10/2014 02:00,ROI Product Confirmation,0
290,01/10/2014 02:00,Prospects - ROI only,0
291,01/10/2014 03:00,ROI Product Confirmation,0
291,01/10/2014 03:00,Prospects - ROI only,1
292,01/10/2014 04:00,ROI Product Confirmation,0
292,01/10/2014 04:00,Prospects - ROI only,0
293,01/10/2014 05:00,ROI Product Confirmation,0
293,01/10/2014 05:00,Prospects - ROI only,0
294,01/10/2014 06:00,ROI Product Confirmation,0
294,01/10/2014 06:00,Prospects - ROI only,2
295,01/10/2014 07:00,ROI Product Confirmation,0
295,01/10/2014 07:00,Prospects - ROI only,1
296,01/10/2014 08:00,ROI Product Confirmation,1
296,01/10/2014 08:00,Prospects - ROI only,12
297,01/10/2014 09:00,ROI Product Confirmation,0
297,01/10/2014 09:00,Prospects - ROI only,17
298,01/10/2014 10:00,ROI Product Confirmation,3
298,01/10/2014 10:00,Prospects - ROI only,17
299,01/10/2014 11:00,ROI Product Confirmation,1
299,01/10/2014 11:00,Prospects - ROI only,25
300,01/10/2014 12:00,ROI Product Confirmation,1
300,01/10/2014 12:00,Prospects - ROI only,30
301,01/10/2014 13:00,ROI Product Confirmation,1
301,01/10/2014 13:00,Prospects - ROI only,9
302,01/10/2014 14:00,ROI Product Confirmation,2
302,01/10/2014 14:00,Prospects - ROI only,21
303,01/10/2014 15:00,ROI Product Confirmation,1
303,01/10/2014 15:00,Prospects - ROI only,16
304,01/10/2014 16:00,ROI Product Confirmation,2
304,01/10/2014 16:00,Prospects - ROI only,16
305,01/10/2014 17:00,ROI Product Confirmation,1
305,01/10/2014 17:00,Prospects - ROI only,11
306,01/10/2014 18:00,ROI Product Confirmation,2
306,01/10/2014 18:00,Prospects - ROI only,9
307,01/10/2014 19:00,ROI Product Confirmation,2
307,01/10/2014 19:00,Prospects - ROI only,16
308,01/10/2014 20:00,ROI Product Confirmation,0
308,01/10/2014 20:00,Prospects - ROI only,10
309,01/10/2014 21:00,ROI Product Confirmation,0
309,01/10/2014 21:00,Prospects - ROI only,11
310,01/10/2014 22:00,ROI Product Confirmation,3
310,01/10/2014 22:00,Prospects - ROI only,12
311,01/10/2014 23:00,ROI Product Confirmation,0
311,01/10/2014 23:00,Prospects - ROI only,7
312,02/10/2014 00:00,ROI Product Confirmation,0
312,02/10/2014 00:00,Prospects - ROI only,2
313,02/10/2014 01:00,ROI Product Confirmation,0
313,02/10/2014 01:00,Prospects - ROI only,2
314,02/10/2014 02:00,ROI Product Confirmation,0
314,02/10/2014 02:00,Prospects - ROI only,0
315,02/10/2014 03:00,ROI Product Confirmation,0
315,02/10/2014 03:00,Prospects - ROI only,0
316,02/10/2014 04:00,ROI Product Confirmation,0
316,02/10/2014 04:00,Prospects - ROI only,0
317,02/10/2014 05:00,ROI Product Confirmation,0
317,02/10/2014 05:00,Prospects - ROI only,0
318,02/10/2014 06:00,ROI Product Confirmation,1
318,02/10/2014 06:00,Prospects - ROI only,3
319,02/10/2014 07:00,ROI Product Confirmation,0
319,02/10/2014 07:00,Prospects - ROI only,2
320,02/10/2014 08:00,ROI Product Confirmation,0
320,02/10/2014 08:00,Prospects - ROI only,9
321,02/10/2014 09:00,ROI Product Confirmation,1
321,02/10/2014 09:00,Prospects - ROI only,17
322,02/10/2014 10:00,ROI Product Confirmation,2
322,02/10/2014 10:00,Prospects - ROI only,21
323,02/10/2014 11:00,ROI Product Confirmation,3
323,02/10/2014 11:00,Prospects - ROI only,23
324,02/10/2014 12:00,ROI Product Confirmation,1
324,02/10/2014 12:00,Prospects - ROI only,21
325,02/10/2014 13:00,ROI Product Confirmation,4
325,02/10/2014 13:00,Prospects - ROI only,13
326,02/10/2014 14:00,ROI Product Confirmation,1
326,02/10/2014 14:00,Prospects - ROI only,24
327,02/10/2014 15:00,ROI Product Confirmation,1
327,02/10/2014 15:00,Prospects - ROI only,21
328,02/10/2014 16:00,ROI Product Confirmation,1
328,02/10/2014 16:00,Prospects - ROI only,21
329,02/10/2014 17:00,ROI Product Confirmation,1
329,02/10/2014 17:00,Prospects - ROI only,16
330,02/10/2014 18:00,ROI Product Confirmation,0
330,02/10/2014 18:00,Prospects - ROI only,12
331,02/10/2014 19:00,ROI Product Confirmation,2
331,02/10/2014 19:00,Prospects - ROI only,11
332,02/10/2014 20:00,ROI Product Confirmation,0
332,02/10/2014 20:00,Prospects - ROI only,10
333,02/10/2014 21:00,ROI Product Confirmation,2
333,02/10/2014 21:00,Prospects - ROI only,12
334,02/10/2014 22:00,ROI Product Confirmation,0
334,02/10/2014 22:00,Prospects - ROI only,10
335,02/10/2014 23:00,ROI Product Confirmation,0
335,02/10/2014 23:00,Prospects - ROI only,6
336,03/10/2014 00:00,ROI Product Confirmation,0
336,03/10/2014 00:00,Prospects - ROI only,3
337,03/10/2014 01:00,ROI Product Confirmation,0
337,03/10/2014 01:00,Prospects - ROI only,1
338,03/10/2014 02:00,ROI Product Confirmation,0
338,03/10/2014 02:00,Prospects - ROI only,0
339,03/10/2014 03:00,ROI Product Confirmation,0
339,03/10/2014 03:00,Prospects - ROI only,0
340,03/10/2014 04:00,ROI Product Confirmation,0
340,03/10/2014 04:00,Prospects - ROI only,4
341,03/10/2014 05:00,ROI Product Confirmation,0
341,03/10/2014 05:00,Prospects - ROI only,0
342,03/10/2014 06:00,ROI Product Confirmation,1
342,03/10/2014 06:00,Prospects - ROI only,3
343,03/10/2014 07:00,ROI Product Confirmation,1
343,03/10/2014 07:00,Prospects - ROI only,6
344,03/10/2014 08:00,ROI Product Confirmation,0
344,03/10/2014 08:00,Prospects - ROI only,8
345,03/10/2014 09:00,ROI Product Confirmation,2
345,03/10/2014 09:00,Prospects - ROI only,11
346,03/10/2014 10:00,ROI Product Confirmation,1
346,03/10/2014 10:00,Prospects - ROI only,19
347,03/10/2014 11:00,ROI Product Confirmation,2
347,03/10/2014 11:00,Prospects - ROI only,14
348,03/10/2014 12:00,ROI Product Confirmation,2
348,03/10/2014 12:00,Prospects - ROI only,31
349,03/10/2014 13:00,ROI Product Confirmation,4
349,03/10/2014 13:00,Prospects - ROI only,22
350,03/10/2014 14:00,ROI Product Confirmation,2
350,03/10/2014 14:00,Prospects - ROI only,17
351,03/10/2014 15:00,ROI Product Confirmation,2
351,03/10/2014 15:00,Prospects - ROI only,18
352,03/10/2014 16:00,ROI Product Confirmation,1
352,03/10/2014 16:00,Prospects - ROI only,14
353,03/10/2014 17:00,ROI Product Confirmation,0
353,03/10/2014 17:00,Prospects - ROI only,13
354,03/10/2014 18:00,ROI Product Confirmation,0
354,03/10/2014 18:00,Prospects - ROI only,7
355,03/10/2014 19:00,ROI Product Confirmation,1
355,03/10/2014 19:00,Prospects - ROI only,9
356,03/10/2014 20:00,ROI Product Confirmation,2
356,03/10/2014 20:00,Prospects - ROI only,12
357,03/10/2014 21:00,ROI Product Confirmation,0
357,03/10/2014 21:00,Prospects - ROI only,6
358,03/10/2014 22:00,ROI Product Confirmation,1
358,03/10/2014 22:00,Prospects - ROI only,6
359,03/10/2014 23:00,ROI Product Confirmation,0
359,03/10/2014 23:00,Prospects - ROI only,3
360,04/10/2014 00:00,ROI Product Confirmation,0
360,04/10/2014 00:00,Prospects - ROI only,2
361,04/10/2014 01:00,ROI Product Confirmation,0
361,04/10/2014 01:00,Prospects - ROI only,0
362,04/10/2014 02:00,ROI Product Confirmation,0
362,04/10/2014 02:00,Prospects - ROI only,0
363,04/10/2014 03:00,ROI Product Confirmation,0
363,04/10/2014 03:00,Prospects - ROI only,0
364,04/10/2014 04:00,ROI Product Confirmation,0
364,04/10/2014 04:00,Prospects - ROI only,0
365,04/10/2014 05:00,ROI Product Confirmation,0
365,04/10/2014 05:00,Prospects - ROI only,0
366,04/10/2014 06:00,ROI Product Confirmation,0
366,04/10/2014 06:00,Prospects - ROI only,0
367,04/10/2014 07:00,ROI Product Confirmation,0
367,04/10/2014 07:00,Prospects - ROI only,2
368,04/10/2014 08:00,ROI Product Confirmation,1
368,04/10/2014 08:00,Prospects - ROI only,5
369,04/10/2014 09:00,ROI Product Confirmation,0
369,04/10/2014 09:00,Prospects - ROI only,4
370,04/10/2014 10:00,ROI Product Confirmation,1
370,04/10/2014 10:00,Prospects - ROI only,9
371,04/10/2014 11:00,ROI Product Confirmation,2
371,04/10/2014 11:00,Prospects - ROI only,11
372,04/10/2014 12:00,ROI Product Confirmation,0
372,04/10/2014 12:00,Prospects - ROI only,6
373,04/10/2014 13:00,ROI Product Confirmation,0
373,04/10/2014 13:00,Prospects - ROI only,6
374,04/10/2014 14:00,ROI Product Confirmation,0
374,04/10/2014 14:00,Prospects - ROI only,7
375,04/10/2014 15:00,ROI Product Confirmation,3
375,04/10/2014 15:00,Prospects - ROI only,18
376,04/10/2014 16:00,ROI Product Confirmation,1
376,04/10/2014 16:00,Prospects - ROI only,13
377,04/10/2014 17:00,ROI Product Confirmation,1
377,04/10/2014 17:00,Prospects - ROI only,10
378,04/10/2014 18:00,ROI Product Confirmation,0
378,04/10/2014 18:00,Prospects - ROI only,8
379,04/10/2014 19:00,ROI Product Confirmation,0
379,04/10/2014 19:00,Prospects - ROI only,4
380,04/10/2014 20:00,ROI Product Confirmation,0
380,04/10/2014 20:00,Prospects - ROI only,8
381,04/10/2014 21:00,ROI Product Confirmation,1
381,04/10/2014 21:00,Prospects - ROI only,7
382,04/10/2014 22:00,ROI Product Confirmation,0
382,04/10/2014 22:00,Prospects - ROI only,8
383,04/10/2014 23:00,ROI Product Confirmation,0
383,04/10/2014 23:00,Prospects - ROI only,1
384,05/10/2014 00:00,ROI Product Confirmation,0
384,05/10/2014 00:00,Prospects - ROI only,1
385,05/10/2014 01:00,ROI Product Confirmation,0
385,05/10/2014 01:00,Prospects - ROI only,0
386,05/10/2014 02:00,ROI Product Confirmation,0
386,05/10/2014 02:00,Prospects - ROI only,1
387,05/10/2014 03:00,ROI Product Confirmation,0
387,05/10/2014 03:00,Prospects - ROI only,0
388,05/10/2014 04:00,ROI Product Confirmation,0
388,05/10/2014 04:00,Prospects - ROI only,0
389,05/10/2014 05:00,ROI Product Confirmation,0
389,05/10/2014 05:00,Prospects - ROI only,0
390,05/10/2014 06:00,ROI Product Confirmation,0
390,05/10/2014 06:00,Prospects - ROI only,2
391,05/10/2014 07:00,ROI Product Confirmation,0
391,05/10/2014 07:00,Prospects - ROI only,1
392,05/10/2014 08:00,ROI Product Confirmation,0
392,05/10/2014 08:00,Prospects - ROI only,2
393,05/10/2014 09:00,ROI Product Confirmation,1
393,05/10/2014 09:00,Prospects - ROI only,6
394,05/10/2014 10:00,ROI Product Confirmation,1
394,05/10/2014 10:00,Prospects - ROI only,11
395,05/10/2014 11:00,ROI Product Confirmation,3
395,05/10/2014 11:00,Prospects - ROI only,9
396,05/10/2014 12:00,ROI Product Confirmation,1
396,05/10/2014 12:00,Prospects - ROI only,5
397,05/10/2014 13:00,ROI Product Confirmation,2
397,05/10/2014 13:00,Prospects - ROI only,7
398,05/10/2014 14:00,ROI Product Confirmation,0
398,05/10/2014 14:00,Prospects - ROI only,4
399,05/10/2014 15:00,ROI Product Confirmation,1
399,05/10/2014 15:00,Prospects - ROI only,9
400,05/10/2014 16:00,ROI Product Confirmation,1
400,05/10/2014 16:00,Prospects - ROI only,6
401,05/10/2014 17:00,ROI Product Confirmation,1
401,05/10/2014 17:00,Prospects - ROI only,4
402,05/10/2014 18:00,ROI Product Confirmation,2
402,05/10/2014 18:00,Prospects - ROI only,11
403,05/10/2014 19:00,ROI Product Confirmation,0
403,05/10/2014 19:00,Prospects - ROI only,8
404,05/10/2014 20:00,ROI Product Confirmation,0
404,05/10/2014 20:00,Prospects - ROI only,14
405,05/10/2014 21:00,ROI Product Confirmation,1
405,05/10/2014 21:00,Prospects - ROI only,14
406,05/10/2014 22:00,ROI Product Confirmation,0
406,05/10/2014 22:00,Prospects - ROI only,7
407,05/10/2014 23:00,ROI Product Confirmation,0
407,05/10/2014 23:00,Prospects - ROI only,2
408,06/10/2014 00:00,ROI Product Confirmation,0
408,06/10/2014 00:00,Prospects - ROI only,4
409,06/10/2014 01:00,ROI Product Confirmation,0
409,06/10/2014 01:00,Prospects - ROI only,1
410,06/10/2014 02:00,ROI Product Confirmation,0
410,06/10/2014 02:00,Prospects - ROI only,0
411,06/10/2014 03:00,ROI Product Confirmation,0
411,06/10/2014 03:00,Prospects - ROI only,1
412,06/10/2014 04:00,ROI Product Confirmation,0
412,06/10/2014 04:00,Prospects - ROI only,0
413,06/10/2014 05:00,ROI Product Confirmation,0
413,06/10/2014 05:00,Prospects - ROI only,1
414,06/10/2014 06:00,ROI Product Confirmation,0
414,06/10/2014 06:00,Prospects - ROI only,3
415,06/10/2014 07:00,ROI Product Confirmation,0
415,06/10/2014 07:00,Prospects - ROI only,1
416,06/10/2014 08:00,ROI Product Confirmation,0
416,06/10/2014 08:00,Prospects - ROI only,7
417,06/10/2014 09:00,ROI Product Confirmation,1
417,06/10/2014 09:00,Prospects - ROI only,15
418,06/10/2014 10:00,ROI Product Confirmation,0
418,06/10/2014 10:00,Prospects - ROI only,24
419,06/10/2014 11:00,ROI Product Confirmation,3
419,06/10/2014 11:00,Prospects - ROI only,38
420,06/10/2014 12:00,ROI Product Confirmation,1
420,06/10/2014 12:00,Prospects - ROI only,38
421,06/10/2014 13:00,ROI Product Confirmation,2
421,06/10/2014 13:00,Prospects - ROI only,40
422,06/10/2014 14:00,ROI Product Confirmation,1
422,06/10/2014 14:00,Prospects - ROI only,50
423,06/10/2014 15:00,ROI Product Confirmation,1
423,06/10/2014 15:00,Prospects - ROI only,51
424,06/10/2014 16:00,ROI Product Confirmation,3
424,06/10/2014 16:00,Prospects - ROI only,34
425,06/10/2014 17:00,ROI Product Confirmation,2
425,06/10/2014 17:00,Prospects - ROI only,38
426,06/10/2014 18:00,ROI Product Confirmation,4
426,06/10/2014 18:00,Prospects - ROI only,36
427,06/10/2014 19:00,ROI Product Confirmation,3
427,06/10/2014 19:00,Prospects - ROI only,33
428,06/10/2014 20:00,ROI Product Confirmation,4
428,06/10/2014 20:00,Prospects - ROI only,19
429,06/10/2014 21:00,ROI Product Confirmation,1
429,06/10/2014 21:00,Prospects - ROI only,18
430,06/10/2014 22:00,ROI Product Confirmation,1
430,06/10/2014 22:00,Prospects - ROI only,17
431,06/10/2014 23:00,ROI Product Confirmation,1
431,06/10/2014 23:00,Prospects - ROI only,9
432,07/10/2014 00:00,ROI Product Confirmation,0
432,07/10/2014 00:00,Prospects - ROI only,5
433,07/10/2014 01:00,ROI Product Confirmation,0
433,07/10/2014 01:00,Prospects - ROI only,1
434,07/10/2014 02:00,ROI Product Confirmation,0
434,07/10/2014 02:00,Prospects - ROI only,1
435,07/10/2014 03:00,ROI Product Confirmation,0
435,07/10/2014 03:00,Prospects - ROI only,4
436,07/10/2014 04:00,ROI Product Confirmation,0
436,07/10/2014 04:00,Prospects - ROI only,5
437,07/10/2014 05:00,ROI Product Confirmation,0
437,07/10/2014 05:00,Prospects - ROI only,5
438,07/10/2014 06:00,ROI Product Confirmation,0
438,07/10/2014 06:00,Prospects - ROI only,12
439,07/10/2014 07:00,ROI Product Confirmation,0
439,07/10/2014 07:00,Prospects - ROI only,20
440,07/10/2014 08:00,ROI Product Confirmation,2
440,07/10/2014 08:00,Prospects - ROI only,28
441,07/10/2014 09:00,ROI Product Confirmation,3
441,07/10/2014 09:00,Prospects - ROI only,50
442,07/10/2014 10:00,ROI Product Confirmation,3
442,07/10/2014 10:00,Prospects - ROI only,43
443,07/10/2014 11:00,ROI Product Confirmation,2
443,07/10/2014 11:00,Prospects - ROI only,45
444,07/10/2014 12:00,ROI Product Confirmation,5
444,07/10/2014 12:00,Prospects - ROI only,50
445,07/10/2014 13:00,ROI Product Confirmation,1
445,07/10/2014 13:00,Prospects - ROI only,42
446,07/10/2014 14:00,ROI Product Confirmation,1
446,07/10/2014 14:00,Prospects - ROI only,52
447,07/10/2014 15:00,ROI Product Confirmation,0
447,07/10/2014 15:00,Prospects - ROI only,55
448,07/10/2014 16:00,ROI Product Confirmation,0
448,07/10/2014 16:00,Prospects - ROI only,49
449,07/10/2014 17:00,ROI Product Confirmation,5
449,07/10/2014 17:00,Prospects - ROI only,55
450,07/10/2014 18:00,ROI Product Confirmation,3
450,07/10/2014 18:00,Prospects - ROI only,44
451,07/10/2014 19:00,ROI Product Confirmation,3
451,07/10/2014 19:00,Prospects - ROI only,47
452,07/10/2014 20:00,ROI Product Confirmation,1
452,07/10/2014 20:00,Prospects - ROI only,52
453,07/10/2014 21:00,ROI Product Confirmation,1
453,07/10/2014 21:00,Prospects - ROI only,30
454,07/10/2014 22:00,ROI Product Confirmation,4
454,07/10/2014 22:00,Prospects - ROI only,26
455,07/10/2014 23:00,ROI Product Confirmation,3
455,07/10/2014 23:00,Prospects - ROI only,13
456,08/10/2014 00:00,ROI Product Confirmation,0
456,08/10/2014 00:00,Prospects - ROI only,8
457,08/10/2014 01:00,ROI Product Confirmation,0
457,08/10/2014 01:00,Prospects - ROI only,6
458,08/10/2014 02:00,ROI Product Confirmation,0
458,08/10/2014 02:00,Prospects - ROI only,7
459,08/10/2014 03:00,ROI Product Confirmation,0
459,08/10/2014 03:00,Prospects - ROI only,3
460,08/10/2014 04:00,ROI Product Confirmation,0
460,08/10/2014 04:00,Prospects - ROI only,4
461,08/10/2014 05:00,ROI Product Confirmation,0
461,08/10/2014 05:00,Prospects - ROI only,0
462,08/10/2014 06:00,ROI Product Confirmation,0
462,08/10/2014 06:00,Prospects - ROI only,3
463,08/10/2014 07:00,ROI Product Confirmation,2
463,08/10/2014 07:00,Prospects - ROI only,26
464,08/10/2014 08:00,ROI Product Confirmation,1
464,08/10/2014 08:00,Prospects - ROI only,21
465,08/10/2014 09:00,ROI Product Confirmation,2
465,08/10/2014 09:00,Prospects - ROI only,41
466,08/10/2014 10:00,ROI Product Confirmation,3
466,08/10/2014 10:00,Prospects - ROI only,48
467,08/10/2014 11:00,ROI Product Confirmation,5
467,08/10/2014 11:00,Prospects - ROI only,53
468,08/10/2014 12:00,ROI Product Confirmation,5
468,08/10/2014 12:00,Prospects - ROI only,45
469,08/10/2014 13:00,ROI Product Confirmation,3
469,08/10/2014 13:00,Prospects - ROI only,47
470,08/10/2014 14:00,ROI Product Confirmation,6
470,08/10/2014 14:00,Prospects - ROI only,64
471,08/10/2014 15:00,ROI Product Confirmation,8
471,08/10/2014 15:00,Prospects - ROI only,51
472,08/10/2014 16:00,ROI Product Confirmation,4
472,08/10/2014 16:00,Prospects - ROI only,52
473,08/10/2014 17:00,ROI Product Confirmation,5
473,08/10/2014 17:00,Prospects - ROI only,43
474,08/10/2014 18:00,ROI Product Confirmation,4
474,08/10/2014 18:00,Prospects - ROI only,42
475,08/10/2014 19:00,ROI Product Confirmation,5
475,08/10/2014 19:00,Prospects - ROI only,34
476,08/10/2014 20:00,ROI Product Confirmation,6
476,08/10/2014 20:00,Prospects - ROI only,49
477,08/10/2014 21:00,ROI Product Confirmation,2
477,08/10/2014 21:00,Prospects - ROI only,28
478,08/10/2014 22:00,ROI Product Confirmation,1
478,08/10/2014 22:00,Prospects - ROI only,17
479,08/10/2014 23:00,ROI Product Confirmation,1
479,08/10/2014 23:00,Prospects - ROI only,15
480,09/10/2014 00:00,ROI Product Confirmation,1
480,09/10/2014 00:00,Prospects - ROI only,9
481,09/10/2014 01:00,ROI Product Confirmation,0
481,09/10/2014 01:00,Prospects - ROI only,3
482,09/10/2014 02:00,ROI Product Confirmation,0
482,09/10/2014 02:00,Prospects - ROI only,0
483,09/10/2014 03:00,ROI Product Confirmation,0
483,09/10/2014 03:00,Prospects - ROI only,0
484,09/10/2014 04:00,ROI Product Confirmation,0
484,09/10/2014 04:00,Prospects - ROI only,0
485,09/10/2014 05:00,ROI Product Confirmation,0
485,09/10/2014 05:00,Prospects - ROI only,2
486,09/10/2014 06:00,ROI Product Confirmation,0
486,09/10/2014 06:00,Prospects - ROI only,4
487,09/10/2014 07:00,ROI Product Confirmation,0
487,09/10/2014 07:00,Prospects - ROI only,6
488,09/10/2014 08:00,ROI Product Confirmation,1
488,09/10/2014 08:00,Prospects - ROI only,19
489,09/10/2014 09:00,ROI Product Confirmation,4
489,09/10/2014 09:00,Prospects - ROI only,34
490,09/10/2014 10:00,ROI Product Confirmation,4
490,09/10/2014 10:00,Prospects - ROI only,52
491,09/10/2014 11:00,ROI Product Confirmation,4
491,09/10/2014 11:00,Prospects - ROI only,46
492,09/10/2014 12:00,ROI Product Confirmation,2
492,09/10/2014 12:00,Prospects - ROI only,35
493,09/10/2014 13:00,ROI Product Confirmation,8
493,09/10/2014 13:00,Prospects - ROI only,52
494,09/10/2014 14:00,ROI Product Confirmation,2
494,09/10/2014 14:00,Prospects - ROI only,33
495,09/10/2014 15:00,ROI Product Confirmation,3
495,09/10/2014 15:00,Prospects - ROI only,42
496,09/10/2014 16:00,ROI Product Confirmation,5
496,09/10/2014 16:00,Prospects - ROI only,33
497,09/10/2014 17:00,ROI Product Confirmation,5
497,09/10/2014 17:00,Prospects - ROI only,37
498,09/10/2014 18:00,ROI Product Confirmation,0
498,09/10/2014 18:00,Prospects - ROI only,35
499,09/10/2014 19:00,ROI Product Confirmation,1
499,09/10/2014 19:00,Prospects - ROI only,33
500,09/10/2014 20:00,ROI Product Confirmation,3
500,09/10/2014 20:00,Prospects - ROI only,33
501,09/10/2014 21:00,ROI Product Confirmation,2
501,09/10/2014 21:00,Prospects - ROI only,30
502,09/10/2014 22:00,ROI Product Confirmation,2
502,09/10/2014 22:00,Prospects - ROI only,23
503,09/10/2014 23:00,ROI Product Confirmation,2
503,09/10/2014 23:00,Prospects - ROI only,12
504,10/10/2014 00:00,ROI Product Confirmation,0
504,10/10/2014 00:00,Prospects - ROI only,7
505,10/10/2014 01:00,ROI Product Confirmation,0
505,10/10/2014 01:00,Prospects - ROI only,1
506,10/10/2014 02:00,ROI Product Confirmation,0
506,10/10/2014 02:00,Prospects - ROI only,3
507,10/10/2014 03:00,ROI Product Confirmation,0
507,10/10/2014 03:00,Prospects - ROI only,4
508,10/10/2014 04:00,ROI Product Confirmation,0
508,10/10/2014 04:00,Prospects - ROI only,1
509,10/10/2014 05:00,ROI Product Confirmation,0
509,10/10/2014 05:00,Prospects - ROI only,3
510,10/10/2014 06:00,ROI Product Confirmation,0
510,10/10/2014 06:00,Prospects - ROI only,1
511,10/10/2014 07:00,ROI Product Confirmation,0
511,10/10/2014 07:00,Prospects - ROI only,4
512,10/10/2014 08:00,ROI Product Confirmation,1
512,10/10/2014 08:00,Prospects - ROI only,10
513,10/10/2014 09:00,ROI Product Confirmation,1
513,10/10/2014 09:00,Prospects - ROI only,36
514,10/10/2014 10:00,ROI Product Confirmation,3
514,10/10/2014 10:00,Prospects - ROI only,38
515,10/10/2014 11:00,ROI Product Confirmation,0
515,10/10/2014 11:00,Prospects - ROI only,30
516,10/10/2014 12:00,ROI Product Confirmation,3
516,10/10/2014 12:00,Prospects - ROI only,32
517,10/10/2014 13:00,ROI Product Confirmation,1
517,10/10/2014 13:00,Prospects - ROI only,27
518,10/10/2014 14:00,ROI Product Confirmation,4
518,10/10/2014 14:00,Prospects - ROI only,39
519,10/10/2014 15:00,ROI Product Confirmation,1
519,10/10/2014 15:00,Prospects - ROI only,36
520,10/10/2014 16:00,ROI Product Confirmation,1
520,10/10/2014 16:00,Prospects - ROI only,39
521,10/10/2014 17:00,ROI Product Confirmation,4
521,10/10/2014 17:00,Prospects - ROI only,15
522,10/10/2014 18:00,ROI Product Confirmation,2
522,10/10/2014 18:00,Prospects - ROI only,25
523,10/10/2014 19:00,ROI Product Confirmation,2
523,10/10/2014 19:00,Prospects - ROI only,18
524,10/10/2014 20:00,ROI Product Confirmation,0
524,10/10/2014 20:00,Prospects - ROI only,21
525,10/10/2014 21:00,ROI Product Confirmation,2
525,10/10/2014 21:00,Prospects - ROI only,17
526,10/10/2014 22:00,ROI Product Confirmation,0
526,10/10/2014 22:00,Prospects - ROI only,22
527,10/10/2014 23:00,ROI Product Confirmation,0
527,10/10/2014 23:00,Prospects - ROI only,8
528,11/10/2014 00:00,ROI Product Confirmation,1
528,11/10/2014 00:00,Prospects - ROI only,12
529,11/10/2014 01:00,ROI Product Confirmation,0
529,11/10/2014 01:00,Prospects - ROI only,4
530,11/10/2014 02:00,ROI Product Confirmation,0
530,11/10/2014 02:00,Prospects - ROI only,1
531,11/10/2014 03:00,ROI Product Confirmation,0
531,11/10/2014 03:00,Prospects - ROI only,0
532,11/10/2014 04:00,ROI Product Confirmation,0
532,11/10/2014 04:00,Prospects - ROI only,2
533,11/10/2014 05:00,ROI Product Confirmation,0
533,11/10/2014 05:00,Prospects - ROI only,2
534,11/10/2014 06:00,ROI Product Confirmation,0
534,11/10/2014 06:00,Prospects - ROI only,0
535,11/10/2014 07:00,ROI Product Confirmation,0
535,11/10/2014 07:00,Prospects - ROI only,3
536,11/10/2014 08:00,ROI Product Confirmation,0
536,11/10/2014 08:00,Prospects - ROI only,7
537,11/10/2014 09:00,ROI Product Confirmation,0
537,11/10/2014 09:00,Prospects - ROI only,12
538,11/10/2014 10:00,ROI Product Confirmation,1
538,11/10/2014 10:00,Prospects - ROI only,14
539,11/10/2014 11:00,ROI Product Confirmation,1
539,11/10/2014 11:00,Prospects - ROI only,16
540,11/10/2014 12:00,ROI Product Confirmation,3
540,11/10/2014 12:00,Prospects - ROI only,23
541,11/10/2014 13:00,ROI Product Confirmation,2
541,11/10/2014 13:00,Prospects - ROI only,17
542,11/10/2014 14:00,ROI Product Confirmation,0
542,11/10/2014 14:00,Prospects - ROI only,14
543,11/10/2014 15:00,ROI Product Confirmation,2
543,11/10/2014 15:00,Prospects - ROI only,11
544,11/10/2014 16:00,ROI Product Confirmation,0
544,11/10/2014 16:00,Prospects - ROI only,8
545,11/10/2014 17:00,ROI Product Confirmation,4
545,11/10/2014 17:00,Prospects - ROI only,14
546,11/10/2014 18:00,ROI Product Confirmation,0
546,11/10/2014 18:00,Prospects - ROI only,7
547,11/10/2014 19:00,ROI Product Confirmation,0
547,11/10/2014 19:00,Prospects - ROI only,16
548,11/10/2014 20:00,ROI Product Confirmation,1
548,11/10/2014 20:00,Prospects - ROI only,13
549,11/10/2014 21:00,ROI Product Confirmation,0
549,11/10/2014 21:00,Prospects - ROI only,11
550,11/10/2014 22:00,ROI Product Confirmation,0
550,11/10/2014 22:00,Prospects - ROI only,6
551,11/10/2014 23:00,ROI Product Confirmation,1
551,11/10/2014 23:00,Prospects - ROI only,6
552,12/10/2014 00:00,ROI Product Confirmation,0
552,12/10/2014 00:00,Prospects - ROI only,6
553,12/10/2014 01:00,ROI Product Confirmation,0
553,12/10/2014 01:00,Prospects - ROI only,5
554,12/10/2014 02:00,ROI Product Confirmation,0
554,12/10/2014 02:00,Prospects - ROI only,0
555,12/10/2014 03:00,ROI Product Confirmation,0
555,12/10/2014 03:00,Prospects - ROI only,2
556,12/10/2014 04:00,ROI Product Confirmation,0
556,12/10/2014 04:00,Prospects - ROI only,2
557,12/10/2014 05:00,ROI Product Confirmation,0
557,12/10/2014 05:00,Prospects - ROI only,1
558,12/10/2014 06:00,ROI Product Confirmation,0
558,12/10/2014 06:00,Prospects - ROI only,0
559,12/10/2014 07:00,ROI Product Confirmation,0
559,12/10/2014 07:00,Prospects - ROI only,1
560,12/10/2014 08:00,ROI Product Confirmation,1
560,12/10/2014 08:00,Prospects - ROI only,10
561,12/10/2014 09:00,ROI Product Confirmation,0
561,12/10/2014 09:00,Prospects - ROI only,7
562,12/10/2014 10:00,ROI Product Confirmation,4
562,12/10/2014 10:00,Prospects - ROI only,19
563,12/10/2014 11:00,ROI Product Confirmation,2
563,12/10/2014 11:00,Prospects - ROI only,11
564,12/10/2014 12:00,ROI Product Confirmation,4
564,12/10/2014 12:00,Prospects - ROI only,9
565,12/10/2014 13:00,ROI Product Confirmation,0
565,12/10/2014 13:00,Prospects - ROI only,11
566,12/10/2014 14:00,ROI Product Confirmation,1
566,12/10/2014 14:00,Prospects - ROI only,8
567,12/10/2014 15:00,ROI Product Confirmation,2
567,12/10/2014 15:00,Prospects - ROI only,13
568,12/10/2014 16:00,ROI Product Confirmation,2
568,12/10/2014 16:00,Prospects - ROI only,9
569,12/10/2014 17:00,ROI Product Confirmation,2
569,12/10/2014 17:00,Prospects - ROI only,13
570,12/10/2014 18:00,ROI Product Confirmation,2
570,12/10/2014 18:00,Prospects - ROI only,14
571,12/10/2014 19:00,ROI Product Confirmation,4
571,12/10/2014 19:00,Prospects - ROI only,14
572,12/10/2014 20:00,ROI Product Confirmation,1
572,12/10/2014 20:00,Prospects - ROI only,15
573,12/10/2014 21:00,ROI Product Confirmation,4
573,12/10/2014 21:00,Prospects - ROI only,23
574,12/10/2014 22:00,ROI Product Confirmation,2
574,12/10/2014 22:00,Prospects - ROI only,27
575,12/10/2014 23:00,ROI Product Confirmation,0
575,12/10/2014 23:00,Prospects - ROI only,16
576,13/10/2014 00:00,ROI Product Confirmation,0
576,13/10/2014 00:00,Prospects - ROI only,8
577,13/10/2014 01:00,ROI Product Confirmation,0
577,13/10/2014 01:00,Prospects - ROI only,2
578,13/10/2014 02:00,ROI Product Confirmation,0
578,13/10/2014 02:00,Prospects - ROI only,1
579,13/10/2014 03:00,ROI Product Confirmation,0
579,13/10/2014 03:00,Prospects - ROI only,0
580,13/10/2014 04:00,ROI Product Confirmation,0
580,13/10/2014 04:00,Prospects - ROI only,0
581,13/10/2014 05:00,ROI Product Confirmation,0
581,13/10/2014 05:00,Prospects - ROI only,1
582,13/10/2014 06:00,ROI Product Confirmation,0
582,13/10/2014 06:00,Prospects - ROI only,4
583,13/10/2014 07:00,ROI Product Confirmation,0
583,13/10/2014 07:00,Prospects - ROI only,6
584,13/10/2014 08:00,ROI Product Confirmation,0
584,13/10/2014 08:00,Prospects - ROI only,7
585,13/10/2014 09:00,ROI Product Confirmation,1
585,13/10/2014 09:00,Prospects - ROI only,26
586,13/10/2014 10:00,ROI Product Confirmation,3
586,13/10/2014 10:00,Prospects - ROI only,44
587,13/10/2014 11:00,ROI Product Confirmation,3
587,13/10/2014 11:00,Prospects - ROI only,46
588,13/10/2014 12:00,ROI Product Confirmation,4
588,13/10/2014 12:00,Prospects - ROI only,42
589,13/10/2014 13:00,ROI Product Confirmation,4
589,13/10/2014 13:00,Prospects - ROI only,49
590,13/10/2014 14:00,ROI Product Confirmation,8
590,13/10/2014 14:00,Prospects - ROI only,40
591,13/10/2014 15:00,ROI Product Confirmation,5
591,13/10/2014 15:00,Prospects - ROI only,36
592,13/10/2014 16:00,ROI Product Confirmation,5
592,13/10/2014 16:00,Prospects - ROI only,32
593,13/10/2014 17:00,ROI Product Confirmation,2
593,13/10/2014 17:00,Prospects - ROI only,26
594,13/10/2014 18:00,ROI Product Confirmation,3
594,13/10/2014 18:00,Prospects - ROI only,32
595,13/10/2014 19:00,ROI Product Confirmation,5
595,13/10/2014 19:00,Prospects - ROI only,35
596,13/10/2014 20:00,ROI Product Confirmation,1
596,13/10/2014 20:00,Prospects - ROI only,32
597,13/10/2014 21:00,ROI Product Confirmation,2
597,13/10/2014 21:00,Prospects - ROI only,32
598,13/10/2014 22:00,ROI Product Confirmation,2
598,13/10/2014 22:00,Prospects - ROI only,16
599,13/10/2014 23:00,ROI Product Confirmation,1
599,13/10/2014 23:00,Prospects - ROI only,8
600,14/10/2014 00:00,ROI Product Confirmation,0
600,14/10/2014 00:00,Prospects - ROI only,4
601,14/10/2014 01:00,ROI Product Confirmation,0
601,14/10/2014 01:00,Prospects - ROI only,3
602,14/10/2014 02:00,ROI Product Confirmation,0
602,14/10/2014 02:00,Prospects - ROI only,1
603,14/10/2014 03:00,ROI Product Confirmation,0
603,14/10/2014 03:00,Prospects - ROI only,0
604,14/10/2014 04:00,ROI Product Confirmation,0
604,14/10/2014 04:00,Prospects - ROI only,0
605,14/10/2014 05:00,ROI Product Confirmation,0
605,14/10/2014 05:00,Prospects - ROI only,0
606,14/10/2014 06:00,ROI Product Confirmation,0
606,14/10/2014 06:00,Prospects - ROI only,3
607,14/10/2014 07:00,ROI Product Confirmation,0
607,14/10/2014 07:00,Prospects - ROI only,5
608,14/10/2014 08:00,ROI Product Confirmation,3
608,14/10/2014 08:00,Prospects - ROI only,22
609,14/10/2014 09:00,ROI Product Confirmation,3
609,14/10/2014 09:00,Prospects - ROI only,19
610,14/10/2014 10:00,ROI Product Confirmation,1
610,14/10/2014 10:00,Prospects - ROI only,42
611,14/10/2014 11:00,ROI Product Confirmation,4
611,14/10/2014 11:00,Prospects - ROI only,44
612,14/10/2014 12:00,ROI Product Confirmation,3
612,14/10/2014 12:00,Prospects - ROI only,46
613,14/10/2014 13:00,ROI Product Confirmation,4
613,14/10/2014 13:00,Prospects - ROI only,44
614,14/10/2014 14:00,ROI Product Confirmation,7
614,14/10/2014 14:00,Prospects - ROI only,34
615,14/10/2014 15:00,ROI Product Confirmation,3
615,14/10/2014 15:00,Prospects - ROI only,30
616,14/10/2014 16:00,ROI Product Confirmation,2
616,14/10/2014 16:00,Prospects - ROI only,25
617,14/10/2014 17:00,ROI Product Confirmation,2
617,14/10/2014 17:00,Prospects - ROI only,28
618,14/10/2014 18:00,ROI Product Confirmation,5
618,14/10/2014 18:00,Prospects - ROI only,29
619,14/10/2014 19:00,ROI Product Confirmation,3
619,14/10/2014 19:00,Prospects - ROI only,23
620,14/10/2014 20:00,ROI Product Confirmation,2
620,14/10/2014 20:00,Prospects - ROI only,29
621,14/10/2014 21:00,ROI Product Confirmation,4
621,14/10/2014 21:00,Prospects - ROI only,24
622,14/10/2014 22:00,ROI Product Confirmation,3
622,14/10/2014 22:00,Prospects - ROI only,28
623,14/10/2014 23:00,ROI Product Confirmation,1
623,14/10/2014 23:00,Prospects - ROI only,15
624,15/10/2014 00:00,ROI Product Confirmation,0
624,15/10/2014 00:00,Prospects - ROI only,5
625,15/10/2014 01:00,ROI Product Confirmation,0
625,15/10/2014 01:00,Prospects - ROI only,2
626,15/10/2014 02:00,ROI Product Confirmation,0
626,15/10/2014 02:00,Prospects - ROI only,1
627,15/10/2014 03:00,ROI Product Confirmation,0
627,15/10/2014 03:00,Prospects - ROI only,0
628,15/10/2014 04:00,ROI Product Confirmation,0
628,15/10/2014 04:00,Prospects - ROI only,1
629,15/10/2014 05:00,ROI Product Confirmation,0
629,15/10/2014 05:00,Prospects - ROI only,1
630,15/10/2014 06:00,ROI Product Confirmation,0
630,15/10/2014 06:00,Prospects - ROI only,3
631,15/10/2014 07:00,ROI Product Confirmation,0
631,15/10/2014 07:00,Prospects - ROI only,2
632,15/10/2014 08:00,ROI Product Confirmation,1
632,15/10/2014 08:00,Prospects - ROI only,13
633,15/10/2014 09:00,ROI Product Confirmation,1
633,15/10/2014 09:00,Prospects - ROI only,25
634,15/10/2014 10:00,ROI Product Confirmation,5
634,15/10/2014 10:00,Prospects - ROI only,33
635,15/10/2014 11:00,ROI Product Confirmation,5
635,15/10/2014 11:00,Prospects - ROI only,43
636,15/10/2014 12:00,ROI Product Confirmation,1
636,15/10/2014 12:00,Prospects - ROI only,35
637,15/10/2014 13:00,ROI Product Confirmation,3
637,15/10/2014 13:00,Prospects - ROI only,45
638,15/10/2014 14:00,ROI Product Confirmation,3
638,15/10/2014 14:00,Prospects - ROI only,42
639,15/10/2014 15:00,ROI Product Confirmation,3
639,15/10/2014 15:00,Prospects - ROI only,49
640,15/10/2014 16:00,ROI Product Confirmation,3
640,15/10/2014 16:00,Prospects - ROI only,47
641,15/10/2014 17:00,ROI Product Confirmation,0
641,15/10/2014 17:00,Prospects - ROI only,37
642,15/10/2014 18:00,ROI Product Confirmation,4
642,15/10/2014 18:00,Prospects - ROI only,32
643,15/10/2014 19:00,ROI Product Confirmation,1
643,15/10/2014 19:00,Prospects - ROI only,21
644,15/10/2014 20:00,ROI Product Confirmation,1
644,15/10/2014 20:00,Prospects - ROI only,19
645,15/10/2014 21:00,ROI Product Confirmation,1
645,15/10/2014 21:00,Prospects - ROI only,22
646,15/10/2014 22:00,ROI Product Confirmation,2
646,15/10/2014 22:00,Prospects - ROI only,21
647,15/10/2014 23:00,ROI Product Confirmation,1
647,15/10/2014 23:00,Prospects - ROI only,8
648,16/10/2014 00:00,ROI Product Confirmation,0
648,16/10/2014 00:00,Prospects - ROI only,9
649,16/10/2014 01:00,ROI Product Confirmation,0
649,16/10/2014 01:00,Prospects - ROI only,2
650,16/10/2014 02:00,ROI Product Confirmation,0
650,16/10/2014 02:00,Prospects - ROI only,0
651,16/10/2014 03:00,ROI Product Confirmation,0
651,16/10/2014 03:00,Prospects - ROI only,2
652,16/10/2014 04:00,ROI Product Confirmation,0
652,16/10/2014 04:00,Prospects - ROI only,0
653,16/10/2014 05:00,ROI Product Confirmation,0
653,16/10/2014 05:00,Prospects - ROI only,1
654,16/10/2014 06:00,ROI Product Confirmation,0
654,16/10/2014 06:00,Prospects - ROI only,3
655,16/10/2014 07:00,ROI Product Confirmation,0
655,16/10/2014 07:00,Prospects - ROI only,1
656,16/10/2014 08:00,ROI Product Confirmation,2
656,16/10/2014 08:00,Prospects - ROI only,12
657,16/10/2014 09:00,ROI Product Confirmation,1
657,16/10/2014 09:00,Prospects - ROI only,27
658,16/10/2014 10:00,ROI Product Confirmation,6
658,16/10/2014 10:00,Prospects - ROI only,36
659,16/10/2014 11:00,ROI Product Confirmation,7
659,16/10/2014 11:00,Prospects - ROI only,40
660,16/10/2014 12:00,ROI Product Confirmation,3
660,16/10/2014 12:00,Prospects - ROI only,36
661,16/10/2014 13:00,ROI Product Confirmation,2
661,16/10/2014 13:00,Prospects - ROI only,41
662,16/10/2014 14:00,ROI Product Confirmation,3
662,16/10/2014 14:00,Prospects - ROI only,38
663,16/10/2014 15:00,ROI Product Confirmation,1
663,16/10/2014 15:00,Prospects - ROI only,31
664,16/10/2014 16:00,ROI Product Confirmation,5
664,16/10/2014 16:00,Prospects - ROI only,35
665,16/10/2014 17:00,ROI Product Confirmation,2
665,16/10/2014 17:00,Prospects - ROI only,24
666,16/10/2014 18:00,ROI Product Confirmation,2
666,16/10/2014 18:00,Prospects - ROI only,34
667,16/10/2014 19:00,ROI Product Confirmation,0
667,16/10/2014 19:00,Prospects - ROI only,20
668,16/10/2014 20:00,ROI Product Confirmation,2
668,16/10/2014 20:00,Prospects - ROI only,24
669,16/10/2014 21:00,ROI Product Confirmation,3
669,16/10/2014 21:00,Prospects - ROI only,17
670,16/10/2014 22:00,ROI Product Confirmation,0
670,16/10/2014 22:00,Prospects - ROI only,11
671,16/10/2014 23:00,ROI Product Confirmation,0
671,16/10/2014 23:00,Prospects - ROI only,8
672,17/10/2014 00:00,ROI Product Confirmation,0
672,17/10/2014 00:00,Prospects - ROI only,4
673,17/10/2014 01:00,ROI Product Confirmation,0
673,17/10/2014 01:00,Prospects - ROI only,2
674,17/10/2014 02:00,ROI Product Confirmation,0
674,17/10/2014 02:00,Prospects - ROI only,0
675,17/10/2014 03:00,ROI Product Confirmation,0
675,17/10/2014 03:00,Prospects - ROI only,0
676,17/10/2014 04:00,ROI Product Confirmation,0
676,17/10/2014 04:00,Prospects - ROI only,1
677,17/10/2014 05:00,ROI Product Confirmation,0
677,17/10/2014 05:00,Prospects - ROI only,0
678,17/10/2014 06:00,ROI Product Confirmation,1
678,17/10/2014 06:00,Prospects - ROI only,6
679,17/10/2014 07:00,ROI Product Confirmation,0
679,17/10/2014 07:00,Prospects - ROI only,6
680,17/10/2014 08:00,ROI Product Confirmation,0
680,17/10/2014 08:00,Prospects - ROI only,5
681,17/10/2014 09:00,ROI Product Confirmation,0
681,17/10/2014 09:00,Prospects - ROI only,15
682,17/10/2014 10:00,ROI Product Confirmation,2
682,17/10/2014 10:00,Prospects - ROI only,19
683,17/10/2014 11:00,ROI Product Confirmation,1
683,17/10/2014 11:00,Prospects - ROI only,18
684,17/10/2014 12:00,ROI Product Confirmation,1
684,17/10/2014 12:00,Prospects - ROI only,26
685,17/10/2014 13:00,ROI Product Confirmation,4
685,17/10/2014 13:00,Prospects - ROI only,17
686,17/10/2014 14:00,ROI Product Confirmation,4
686,17/10/2014 14:00,Prospects - ROI only,24
687,17/10/2014 15:00,ROI Product Confirmation,2
687,17/10/2014 15:00,Prospects - ROI only,21
688,17/10/2014 16:00,ROI Product Confirmation,6
688,17/10/2014 16:00,Prospects - ROI only,22
689,17/10/2014 17:00,ROI Product Confirmation,2
689,17/10/2014 17:00,Prospects - ROI only,17
690,17/10/2014 18:00,ROI Product Confirmation,2
690,17/10/2014 18:00,Prospects - ROI only,22
691,17/10/2014 19:00,ROI Product Confirmation,1
691,17/10/2014 19:00,Prospects - ROI only,11
692,17/10/2014 20:00,ROI Product Confirmation,2
692,17/10/2014 20:00,Prospects - ROI only,19
693,17/10/2014 21:00,ROI Product Confirmation,0
693,17/10/2014 21:00,Prospects - ROI only,7
694,17/10/2014 22:00,ROI Product Confirmation,1
694,17/10/2014 22:00,Prospects - ROI only,7
695,17/10/2014 23:00,ROI Product Confirmation,0
695,17/10/2014 23:00,Prospects - ROI only,7
696,18/10/2014 00:00,ROI Product Confirmation,0
696,18/10/2014 00:00,Prospects - ROI only,7
697,18/10/2014 01:00,ROI Product Confirmation,0
697,18/10/2014 01:00,Prospects - ROI only,2
698,18/10/2014 02:00,ROI Product Confirmation,0
698,18/10/2014 02:00,Prospects - ROI only,0
699,18/10/2014 03:00,ROI Product Confirmation,0
699,18/10/2014 03:00,Prospects - ROI only,0
700,18/10/2014 04:00,ROI Product Confirmation,0
700,18/10/2014 04:00,Prospects - ROI only,0
701,18/10/2014 05:00,ROI Product Confirmation,0
701,18/10/2014 05:00,Prospects - ROI only,0
702,18/10/2014 06:00,ROI Product Confirmation,0
702,18/10/2014 06:00,Prospects - ROI only,1
703,18/10/2014 07:00,ROI Product Confirmation,0
703,18/10/2014 07:00,Prospects - ROI only,1
704,18/10/2014 08:00,ROI Product Confirmation,1
704,18/10/2014 08:00,Prospects - ROI only,4
705,18/10/2014 09:00,ROI Product Confirmation,0
705,18/10/2014 09:00,Prospects - ROI only,8
706,18/10/2014 10:00,ROI Product Confirmation,2
706,18/10/2014 10:00,Prospects - ROI only,11
707,18/10/2014 11:00,ROI Product Confirmation,1
707,18/10/2014 11:00,Prospects - ROI only,12
708,18/10/2014 12:00,ROI Product Confirmation,1
708,18/10/2014 12:00,Prospects - ROI only,8
709,18/10/2014 13:00,ROI Product Confirmation,3
709,18/10/2014 13:00,Prospects - ROI only,15
710,18/10/2014 14:00,ROI Product Confirmation,3
710,18/10/2014 14:00,Prospects - ROI only,12
711,18/10/2014 15:00,ROI Product Confirmation,3
711,18/10/2014 15:00,Prospects - ROI only,10
712,18/10/2014 16:00,ROI Product Confirmation,2
712,18/10/2014 16:00,Prospects - ROI only,8
713,18/10/2014 17:00,ROI Product Confirmation,6
713,18/10/2014 17:00,Prospects - ROI only,17
714,18/10/2014 18:00,ROI Product Confirmation,0
714,18/10/2014 18:00,Prospects - ROI only,8
715,18/10/2014 19:00,ROI Product Confirmation,0
715,18/10/2014 19:00,Prospects - ROI only,5
716,18/10/2014 20:00,ROI Product Confirmation,0
716,18/10/2014 20:00,Prospects - ROI only,5
717,18/10/2014 21:00,ROI Product Confirmation,0
717,18/10/2014 21:00,Prospects - ROI only,13
718,18/10/2014 22:00,ROI Product Confirmation,0
718,18/10/2014 22:00,Prospects - ROI only,8
719,18/10/2014 23:00,ROI Product Confirmation,1
719,18/10/2014 23:00,Prospects - ROI only,4
720,19/10/2014 00:00,ROI Product Confirmation,0
720,19/10/2014 00:00,Prospects - ROI only,5
721,19/10/2014 01:00,ROI Product Confirmation,0
721,19/10/2014 01:00,Prospects - ROI only,2
722,19/10/2014 02:00,ROI Product Confirmation,0
722,19/10/2014 02:00,Prospects - ROI only,0
723,19/10/2014 03:00,ROI Product Confirmation,0
723,19/10/2014 03:00,Prospects - ROI only,0
724,19/10/2014 04:00,ROI Product Confirmation,0
724,19/10/2014 04:00,Prospects - ROI only,0
725,19/10/2014 05:00,ROI Product Confirmation,0
725,19/10/2014 05:00,Prospects - ROI only,0
726,19/10/2014 06:00,ROI Product Confirmation,0
726,19/10/2014 06:00,Prospects - ROI only,1
727,19/10/2014 07:00,ROI Product Confirmation,0
727,19/10/2014 07:00,Prospects - ROI only,0
728,19/10/2014 08:00,ROI Product Confirmation,0
728,19/10/2014 08:00,Prospects - ROI only,3
729,19/10/2014 09:00,ROI Product Confirmation,2
729,19/10/2014 09:00,Prospects - ROI only,10
730,19/10/2014 10:00,ROI Product Confirmation,1
730,19/10/2014 10:00,Prospects - ROI only,5
731,19/10/2014 11:00,ROI Product Confirmation,1
731,19/10/2014 11:00,Prospects - ROI only,9
732,19/10/2014 12:00,ROI Product Confirmation,1
732,19/10/2014 12:00,Prospects - ROI only,8
733,19/10/2014 13:00,ROI Product Confirmation,2
733,19/10/2014 13:00,Prospects - ROI only,13
734,19/10/2014 14:00,ROI Product Confirmation,0
734,19/10/2014 14:00,Prospects - ROI only,6
735,19/10/2014 15:00,ROI Product Confirmation,3
735,19/10/2014 15:00,Prospects - ROI only,12
736,19/10/2014 16:00,ROI Product Confirmation,0
736,19/10/2014 16:00,Prospects - ROI only,9
737,19/10/2014 17:00,ROI Product Confirmation,1
737,19/10/2014 17:00,Prospects - ROI only,6
738,19/10/2014 18:00,ROI Product Confirmation,1
738,19/10/2014 18:00,Prospects - ROI only,11
739,19/10/2014 19:00,ROI Product Confirmation,0
739,19/10/2014 19:00,Prospects - ROI only,7
740,19/10/2014 20:00,ROI Product Confirmation,0
740,19/10/2014 20:00,Prospects - ROI only,12
741,19/10/2014 21:00,ROI Product Confirmation,2
741,19/10/2014 21:00,Prospects - ROI only,19
742,19/10/2014 22:00,ROI Product Confirmation,3
742,19/10/2014 22:00,Prospects - ROI only,17
743,19/10/2014 23:00,ROI Product Confirmation,0
743,19/10/2014 23:00,Prospects - ROI only,7
